<?xml version="1.0" encoding="UTF-8"?>
<project-private xmlns="http://www.netbeans.org/ns/project-private/1">
    <editor-bookmarks xmlns="http://www.netbeans.org/ns/editor-bookmarks/2" lastBookmarkId="0"/>
    <open-files xmlns="http://www.netbeans.org/ns/projectui-open-files/2">
        <group>
            <file>file:/C:/Users/matth/OneDrive/Documents/NetBeansProjects/Question2PROG6112THT/src/question2prog6112tht/RunApplication.java</file>
            <file>file:/C:/Users/matth/OneDrive/Documents/NetBeansProjects/Question2PROG6112THT/src/question2prog6112tht/Question2PROG6112THT.java</file>
            <file>file:/C:/Users/matth/OneDrive/Documents/NetBeansProjects/Question2PROG6112THT/src/question2prog6112tht/EstateAgentSales.java</file>
            <file>file:/C:/Users/matth/OneDrive/Documents/NetBeansProjects/Question2PROG6112THT/src/question2prog6112tht/EstateAgent.java</file>
            <file>file:/C:/Users/matth/OneDrive/Documents/NetBeansProjects/Question2PROG6112THT/src/question2prog6112tht/iEstateAgent.java</file>
        </group>
    </open-files>
</project-private>
